{
  "n_examples": 200,
  "mean_logit_diff": 2.6594179487228393,
  "name_accuracy": 0.96,
  "top1_accuracy": 0.715,
  "logit_diffs": [
    3.91782283782959,
    5.323541641235352,
    3.6667356491088867,
    1.298715591430664,
    0.42354393005371094,
    1.3511686325073242,
    1.069122314453125,
    2.810077667236328,
    4.215778350830078,
    -0.04259204864501953,
    2.3003673553466797,
    2.374349594116211,
    4.390527725219727,
    3.7943382263183594,
    3.9667930603027344,
    1.5666685104370117,
    -0.6307840347290039,
    1.4952917098999023,
    2.50467586517334,
    5.273283004760742,
    3.8212642669677734,
    0.7714347839355469,
    1.6284475326538086,
    -0.016138076782226562,
    3.6854515075683594,
    1.1525564193725586,
    2.06461238861084,
    1.2510433197021484,
    6.496647834777832,
    0.8114280700683594,
    2.712635040283203,
    1.7376384735107422,
    3.656405448913574,
    4.986946105957031,
    2.8566808700561523,
    2.1482229232788086,
    5.038464546203613,
    3.325221061706543,
    5.445609092712402,
    4.078619003295898,
    2.6603355407714844,
    3.3750743865966797,
    -0.11664199829101562,
    5.691877365112305,
    3.298642158508301,
    1.6539115905761719,
    7.299605369567871,
    0.8462095260620117,
    2.7655820846557617,
    5.342962265014648,
    2.9008474349975586,
    4.733827590942383,
    1.3545722961425781,
    7.101230621337891,
    1.7822809219360352,
    3.9953060150146484,
    4.955292701721191,
    1.7567157745361328,
    0.5101394653320312,
    1.919382095336914,
    1.5636224746704102,
    0.3489341735839844,
    0.7746286392211914,
    2.574812889099121,
    4.871369361877441,
    3.190502166748047,
    1.502349853515625,
    4.99061393737793,
    1.4214305877685547,
    3.2302255630493164,
    3.3064146041870117,
    3.0715818405151367,
    1.0161457061767578,
    -1.000950813293457,
    0.9284486770629883,
    0.05273628234863281,
    2.377842903137207,
    2.4468603134155273,
    2.2903966903686523,
    1.0304632186889648,
    2.1070127487182617,
    3.3375959396362305,
    2.1024580001831055,
    5.648737907409668,
    2.8813085556030273,
    1.7326860427856445,
    3.931062698364258,
    2.360258102416992,
    0.7077646255493164,
    3.4406299591064453,
    3.5031299591064453,
    5.137462615966797,
    2.15421199798584,
    0.7583980560302734,
    3.1084203720092773,
    6.622540473937988,
    3.381000518798828,
    2.739572525024414,
    2.457294464111328,
    5.397479057312012,
    4.917107582092285,
    -0.06535816192626953,
    1.015188217163086,
    3.1721925735473633,
    0.6174392700195312,
    0.3226451873779297,
    3.835601806640625,
    1.9746551513671875,
    1.3933019638061523,
    0.08612537384033203,
    1.4169931411743164,
    0.9391202926635742,
    0.595454216003418,
    5.958843231201172,
    4.289289474487305,
    0.5291271209716797,
    1.1834211349487305,
    0.09321403503417969,
    1.8448028564453125,
    3.612546920776367,
    3.9521141052246094,
    2.190485954284668,
    2.879243850708008,
    2.7232275009155273,
    1.493525505065918,
    3.0218753814697266,
    4.728446960449219,
    0.2613077163696289,
    0.9527835845947266,
    2.5584897994995117,
    0.9749374389648438,
    2.875943183898926,
    1.0778436660766602,
    2.5855703353881836,
    1.2298202514648438,
    0.1377391815185547,
    1.296156883239746,
    5.460190773010254,
    2.149446487426758,
    4.026857376098633,
    4.179443359375,
    3.1748266220092773,
    2.2506895065307617,
    2.711038589477539,
    4.184352874755859,
    2.1236085891723633,
    -0.15685653686523438,
    0.9567661285400391,
    0.5248517990112305,
    1.8696603775024414,
    2.213700294494629,
    7.333357810974121,
    4.08530330657959,
    4.074904441833496,
    1.907282829284668,
    3.0856428146362305,
    2.526195526123047,
    4.356081008911133,
    4.7276611328125,
    0.4637641906738281,
    4.064661979675293,
    1.1512794494628906,
    4.099937438964844,
    2.423612594604492,
    1.2171134948730469,
    3.660170555114746,
    4.730339050292969,
    2.013639450073242,
    1.739668846130371,
    1.520650863647461,
    2.1644210815429688,
    5.78996467590332,
    1.3460941314697266,
    2.9710464477539062,
    3.774704933166504,
    3.6017866134643555,
    5.1197309494018555,
    -0.14336585998535156,
    4.8820695877075195,
    3.6945056915283203,
    3.9697465896606445,
    3.1067028045654297,
    1.8366422653198242,
    2.150745391845703,
    0.6022987365722656,
    2.04580020904541,
    4.4160003662109375,
    1.1841001510620117,
    1.0600032806396484,
    0.6174211502075195,
    3.170731544494629,
    5.130338668823242,
    2.022782325744629,
    3.783017158508301,
    4.101462364196777,
    2.6673364639282227,
    1.0607500076293945,
    6.529890060424805,
    3.0532655715942383,
    2.6053075790405273
  ]
}